Keyword,Channel Name,Link,Subscribers,LatestID
ألعاب مهكرة,games_ar,https://t.me/games_ar,8 695 subscribers,580954.0
بث مباشر,bader12000,https://t.me/bader12000,23 213 subscribers,320413.0
udemy coupons,coursefolder,https://t.me/coursefolder,38 827 subscribers,310842.0
free courses,udemy_free_courses4,https://t.me/udemy_free_courses4,264 357 subscribers,300797.0
أقوى قنوات تيليجرام,fcbarcelona_arabic,https://t.me/fcbarcelona_arabic,105 863 subscribers,293550.0
أقوى قنوات تيليجرام,ajalnews,https://t.me/ajalnews,5 579 subscribers,202572.0
telegram channels list,presstv,https://t.me/presstv,95 050 subscribers,189609.0
dubai deals today,lootdealsapp,https://t.me/lootdealsapp,133 240 subscribers,112591.0
telegram trending channels,whale_alert_io,https://t.me/whale_alert_io,316 015 subscribers,100354.0
أقوى قنوات تيليجرام,almharar,https://t.me/almharar,369 930 subscribers,93945.0
قنوات ألعاب,free_pc_games_channel,https://t.me/free_pc_games_channel,31 417 subscribers,92943.0
بحث قنوات تيليجرام,televisionsyria,https://t.me/televisionsyria,199 859 subscribers,86220.0
software keys,licenseforall,https://t.me/licenseforall,51 115 subscribers,85427.0
وفر فلوسك,tawfir_ayman,https://t.me/tawfir_ayman,83 942 subscribers,85090.0
telegram index,indexmld,https://t.me/indexmld,20 179 subscribers,83580.0
telegram trending channels,tassagency_en,https://t.me/tassagency_en,13 951 subscribers,82828.0
telegram data,ukrpravda_news,https://t.me/ukrpravda_news,185 945 subscribers,78436.0
بث مباشر,mubasherwatch,https://t.me/mubasherwatch,41 548 subscribers,78301.0
telegram channels search,beholdisraelchannel,https://t.me/beholdisraelchannel,620 011 subscribers,76236.0
uae telegram,gulfnewsuae,https://t.me/gulfnewsuae,12 684 subscribers,73257.0
telegram hidden gems,airdrop_hiddengems,https://t.me/airdrop_hiddengems,199 806 subscribers,69839.0
بحث قنوات تيليجرام,cointelegraph,https://t.me/cointelegraph,374 965 subscribers,69659.0
cyber security,cybersecurityjobs,https://t.me/cybersecurityjobs,18 498 subscribers,64263.0
telegram data,dsns_telegram,https://t.me/dsns_telegram,71 717 subscribers,63637.0
join telegram channel,winnersinstituteindoreadityasir,https://t.me/winnersinstituteindoreadityasir,691 456 subscribers,59855.0
gaming leaks,equalleaks,https://t.me/equalleaks,12 578 subscribers,58994.0
gaming news,gamingweek,https://t.me/gamingweek,5 608 subscribers,55165.0
telegram seo,parkseojoon,https://t.me/parkseojoon,3 039 subscribers,53316.0
join telegram channel,gizmochinaofficial,https://t.me/gizmochinaofficial,6 502 subscribers,52080.0
قنوات أفلام,netflix2255,https://t.me/netflix2255,352 224 subscribers,50838.0
telegram directory,pnpdirectory,https://t.me/pnpdirectory,27 642 subscribers,49836.0
pro apps,proxymtproto,https://t.me/proxymtproto,11 503 407 subscribers,47377.0
telegram channels,noel_reports,https://t.me/noel_reports,34 892 subscribers,46258.0
دليل قنوات تيليجرام,deliilcom,https://t.me/deliilcom,33 323 subscribers,45679.0
join telegram channel,icerajkotofficial,https://t.me/icerajkotofficial,116 554 subscribers,45633.0
محرك بحث تيليجرام,alshuhada313,https://t.me/alshuhada313,2 689 subscribers,45148.0
telegram data,operativnyishtabtyumen,https://t.me/operativnyishtabtyumen,12 583 subscribers,43635.0
telegram index,indextradingnitin,https://t.me/indextradingnitin,193 910 subscribers,42665.0
telegram channels search,moneycreatesmoney,https://t.me/moneycreatesmoney,135 082 subscribers,42284.0
telegram channels list,ivan_fedorov_zp,https://t.me/ivan_fedorov_zp,57 271 subscribers,39822.0
india telegram channels,forumiasofficial,https://t.me/forumiasofficial,28 825 subscribers,38888.0
telegram channels,halabtech2,https://t.me/halabtech2,28 618 subscribers,38181.0
telegram channels list,wararchive_ua,https://t.me/wararchive_ua,48 595 subscribers,35622.0
telegram channels,sorwaralam,https://t.me/sorwaralam,96 609 subscribers,35583.0
telegram popular channels,realcricpoint,https://t.me/realcricpoint,95 438 subscribers,35445.0
telegram data,vhl_src,https://t.me/vhl_src,40 767 subscribers,35417.0
telegram channels list,irna_en,https://t.me/irna_en,26 238 subscribers,35204.0
telegram channels,churchgist,https://t.me/churchgist,16 365 subscribers,34684.0
telegram channels,cgwitness,https://t.me/cgwitness,10 588 subscribers,33967.0
india telegram channels,bsindiaofficial,https://t.me/bsindiaofficial,83 295 subscribers,33670.0
free courses,dwmcourses,https://t.me/dwmcourses,181 758 subscribers,32602.0
دورة برمجية,programming_computer,https://t.me/programming_computer,11 524 subscribers,32405.0
uae telegram,wamnews_en,https://t.me/wamnews_en,5 216 subscribers,32079.0
cheat engine,panetbanet,https://t.me/panetbanet,14 760 subscribers,31196.0
best telegram channels,sportybetofficialchannel,https://t.me/sportybetofficialchannel,162 496 subscribers,31063.0
telegram channels,rybar_in_english,https://t.me/rybar_in_english,99 993 subscribers,31039.0
telegram data,onyshchuksvitlana,https://t.me/onyshchuksvitlana,20 304 subscribers,30651.0
روابط تيليجرام,syrianmoi,https://t.me/syrianmoi,151 724 subscribers,30323.0
ملفات pdf,njafeoon,https://t.me/njafeoon,385 856 subscribers,30237.0
join telegram channel,smartkeedaofficial,https://t.me/smartkeedaofficial,102 145 subscribers,30056.0
telegram archive,biosarchive,https://t.me/biosarchive,125 904 subscribers,29780.0
telegram data,government_rus,https://t.me/government_rus,175 260 subscribers,29380.0
telegram channels search,pilotblog,https://t.me/pilotblog,217 038 subscribers,28605.0
بحث قنوات تيليجرام,volunteerremotely,https://t.me/volunteerremotely,272 395 subscribers,28428.0
كتب تقنية,ibrahim_almdehesh,https://t.me/ibrahim_almdehesh,21 589 subscribers,27857.0
cyber security,csnnet,https://t.me/csnnet,74 subscribers,27830.0
adobe crack,adobeoilasiaeprps_2019,https://t.me/adobeoilasiaeprps_2019,10 228 subscribers,27057.0
قنوات مفيدة,tlawatt22,https://t.me/tlawatt22,12 789 subscribers,25896.0
telegram viral channels,doamuslims,https://t.me/doamuslims,29 750 subscribers,25718.0
telegram trending channels,trends,https://t.me/trends,1 033 816 subscribers,25274.0
ethical hacking,voiceoftelugu,https://t.me/voiceoftelugu,11 986 subscribers,24765.0
قنوات ترند تيليجرام,stockhunteralerts,https://t.me/stockhunteralerts,6 773 subscribers,24633.0
join telegram channel,sammobilenews,https://t.me/sammobilenews,22 399 subscribers,23952.0
academic resources,studymaterialstz,https://t.me/studymaterialstz,5 724 subscribers,23811.0
android apps paid free,mixrootmods,https://t.me/mixrootmods,709 160 subscribers,23660.0
telegram channels search,aiimsonianars,https://t.me/aiimsonianars,109 296 subscribers,23546.0
جروبات تيليجرام,t5teemo,https://t.me/t5teemo,48 744 subscribers,23118.0
جروبات تيليجرام,cfijgroup,https://t.me/cfijgroup,39 247 subscribers,22679.0
قنوات تيليجرام,gazaalanpa,https://t.me/gazaalanpa,189 611 subscribers,22319.0
telegram channels,guidelylearn,https://t.me/guidelylearn,53 583 subscribers,21484.0
network security,engineer_computer,https://t.me/engineer_computer,2 719 subscribers,21405.0
telegram trending channels,trendingvipapps,https://t.me/trendingvipapps,28 640 subscribers,21306.0
telegram invite links,razvozhaev,https://t.me/razvozhaev,203 586 subscribers,20587.0
telegram popular channels,moladz_by_official,https://t.me/moladz_by_official,22 356 subscribers,20507.0
best telegram channels,learn2tradenews,https://t.me/learn2tradenews,39 008 subscribers,20301.0
بحث قنوات تيليجرام,mohesr_official_channel,https://t.me/mohesr_official_channel,322 223 subscribers,20002.0
telegram viral channels,real_donaldjtrump,https://t.me/real_donaldjtrump,635 132 subscribers,19270.0
cracked software,crackedpcsoftwares,https://t.me/crackedpcsoftwares,49 850 subscribers,19251.0
join telegram channel,gswshelper,https://t.me/gswshelper,89 553 subscribers,19097.0
telegram trending channels,v_zelenskiy_official,https://t.me/v_zelenskiy_official,672 441 subscribers,18983.0
تسريبات,mezlaq3,https://t.me/mezlaq3,373 481 subscribers,18924.0
قنوات تيليجرام,idfofficial,https://t.me/idfofficial,171 690 subscribers,18210.0
telegram archive,schematicslaptop,https://t.me/schematicslaptop,132 501 subscribers,18187.0
telegram public channels,needsofpublicofficial,https://t.me/needsofpublicofficial,64 732 subscribers,18086.0
telegram data,minobrnaukiofficial,https://t.me/minobrnaukiofficial,61 046 subscribers,17970.0
uae offers,uaeilofo,https://t.me/uaeilofo,3 055 subscribers,17893.0
روابط تيليجرام,salmaalrehaely,https://t.me/salmaalrehaely,173 625 subscribers,17646.0
telegram collection,aahdabofficial,https://t.me/aahdabofficial,32 715 subscribers,17570.0
telegram viral channels,sbukr,https://t.me/sbukr,304 533 subscribers,17534.0
coupon codes,couponlap,https://t.me/couponlap,55 821 subscribers,17416.0
كتب تقنية,medimania_store_iq,https://t.me/medimania_store_iq,26 586 subscribers,17217.0
cheat engine,mariinsky,https://t.me/mariinsky,24 164 subscribers,17143.0
telegram communities,bitget_announcements,https://t.me/bitget_announcements,1 570 147 subscribers,16649.0
amazon deals uae,best_laptop_offers,https://t.me/best_laptop_offers,2 348 subscribers,16606.0
join telegram channel,quick_sarkari,https://t.me/quick_sarkari,238 728 subscribers,16564.0
telegram public channels,pipspredator,https://t.me/pipspredator,4 508 subscribers,16524.0
telegram index,a1tradingfxanalysis,https://t.me/a1tradingfxanalysis,42 714 subscribers,16236.0
telegram trending channels,nairobi_loop,https://t.me/nairobi_loop,26 155 subscribers,16112.0
telegram growth tips,etconp,https://t.me/etconp,31 588 subscribers,16085.0
telegram channels,legacyias,https://t.me/legacyias,6 423 subscribers,16026.0
telegram viral channels,militarymediacenter,https://t.me/militarymediacenter,579 subscribers,15896.0
telegram automation tools,automationforum,https://t.me/automationforum,11 326 subscribers,15835.0
telegram channels list,wartranslated,https://t.me/wartranslated,16 624 subscribers,15662.0
تطبيقات معدلة,meeroo90,https://t.me/meeroo90,75 362 subscribers,15537.0
cheat engine,servernewsru,https://t.me/servernewsru,2 399 subscribers,15520.0
روابط تيليجرام,vadymfilashkin,https://t.me/vadymfilashkin,6 285 subscribers,15403.0
join telegram channel,anilsiriti,https://t.me/anilsiriti,114 995 subscribers,15372.0
premium apk,androforever_oficial,https://t.me/androforever_oficial,933 086 subscribers,15297.0
study resources,studymaterial4english,https://t.me/studymaterial4english,2 844 subscribers,15121.0
اشتراكات مجانية,muslimaroundtheworld,https://t.me/muslimaroundtheworld,545 subscribers,15115.0
iptv links,iptv_india_3,https://t.me/iptv_india_3,1 210 subscribers,14809.0
مواقع مفيدة,mostafasharaawy,https://t.me/mostafasharaawy,102 123 subscribers,14702.0
قنوات تقنية,hasseb3,https://t.me/hasseb3,23 309 subscribers,14308.0
pdf books,marathi,https://t.me/marathi,208 877 subscribers,14280.0
telegram communities,foodizzid,https://t.me/foodizzid,12 952 subscribers,14258.0
telegram channels search,firepipsignals,https://t.me/firepipsignals,234 925 subscribers,14164.0
أقوى قنوات تيليجرام,fine7o,https://t.me/fine7o,5 732 subscribers,14091.0
قنوات تيليجرام,had_maram,https://t.me/had_maram,3 832 subscribers,13994.0
udemy coupons,bestudemycoupons,https://t.me/bestudemycoupons,3 638 subscribers,13900.0
telegram marketing,marketinginteractive_sea,https://t.me/marketinginteractive_sea,6 085 subscribers,13637.0
bug bounty,dailybountywriteup,https://t.me/dailybountywriteup,8 059 subscribers,13552.0
join telegram channel,rbe_s,https://t.me/rbe_s,691 922 subscribers,13546.0
github repos,github_repos,https://t.me/github_repos,26 195 subscribers,13278.0
gaming news,gamingonphone,https://t.me/gamingonphone,1 494 subscribers,13059.0
telegram data,idfspokespersonarabic,https://t.me/idfspokespersonarabic,48 031 subscribers,13054.0
قنوات ألعاب,best_ppsspp_games,https://t.me/best_ppsspp_games,47 636 subscribers,12694.0
روابط تيليجرام,medical_council,https://t.me/medical_council,60 860 subscribers,12451.0
premium apk,getmodpcs,https://t.me/getmodpcs,4 217 695 subscribers,12409.0
برامج برو,aramberro,https://t.me/aramberro,3 874 subscribers,12260.0
telegram invite links,whatsapp_telegram_links,https://t.me/whatsapp_telegram_links,580 subscribers,12165.0
telegram viral channels,manhwa_worlds,https://t.me/manhwa_worlds,18 621 subscribers,11817.0
game mods,modyolo_official,https://t.me/modyolo_official,817 100 subscribers,11809.0
روابط تيليجرام,mariam450,https://t.me/mariam450,16 600 subscribers,11674.0
paid courses free,udemy_courses_free_daily,https://t.me/udemy_courses_free_daily,149 103 subscribers,11668.0
research papers,chartered_studies,https://t.me/chartered_studies,105 338 subscribers,11570.0
جروبات تيليجرام,qadrat_a,https://t.me/qadrat_a,96 996 subscribers,11430.0
قنوات تيليجرام,customs_rf,https://t.me/customs_rf,56 412 subscribers,11357.0
free api key,newsmuz,https://t.me/newsmuz,251 subscribers,11276.0
join telegram channel,vthetecheechannel,https://t.me/vthetecheechannel,30 598 subscribers,11214.0
telegram catalog,obdn_ru,https://t.me/obdn_ru,13 283 subscribers,11146.0
قنوات ألعاب,vevogamez,https://t.me/vevogamez,96 803 subscribers,11066.0
game mods,gamemods,https://t.me/gamemods,11 032 subscribers,11053.0
office activator,ugt_es,https://t.me/ugt_es,3 133 subscribers,11035.0
iptv links,polyandria,https://t.me/polyandria,12 044 subscribers,11025.0
telegram channels list,cryptojobslist,https://t.me/cryptojobslist,60 814 subscribers,10948.0
تطبيقات مهكرة,apkmodsandroids,https://t.me/apkmodsandroids,74 001 subscribers,10726.0
bug bounty,thebugbountyhunter,https://t.me/thebugbountyhunter,46 468 subscribers,10568.0
amazon deals uae,apnaoffers,https://t.me/apnaoffers,12 651 subscribers,10409.0
iptv links,iptvplayerlist,https://t.me/iptvplayerlist,2 493 subscribers,10333.0
egypt telegram,rusembeg,https://t.me/rusembeg,5 207 subscribers,10155.0
cheat engine,itchannelnewsru,https://t.me/itchannelnewsru,2 037 subscribers,10150.0
machine learning,ai_machinelearning_big_data,https://t.me/ai_machinelearning_big_data,307 532 subscribers,10119.0
telegram communities,chursin_community,https://t.me/chursin_community,4 903 subscribers,10103.0
premium apk,premium_apk3,https://t.me/premium_apk3,68 150 subscribers,9998.0
join telegram channel,scholarships365,https://t.me/scholarships365,116 143 subscribers,9742.0
telegram data,developers_policy,https://t.me/developers_policy,44 590 subscribers,9681.0
قنوات ترند تيليجرام,ashrafgharib,https://t.me/ashrafgharib,2 056 subscribers,9598.0
premium apk,premiummod_apk,https://t.me/premiummod_apk,10 319 subscribers,9384.0
telegram data,su_skr22,https://t.me/su_skr22,1 777 subscribers,9302.0
telegram archive,syriajusticearchive,https://t.me/syriajusticearchive,6 654 subscribers,9301.0
سيرفرات iptv,hulk_player,https://t.me/hulk_player,8 743 subscribers,9297.0
telegram data,programming_tips,https://t.me/programming_tips,10 430 subscribers,9246.0
telegram data,tkt_sources,https://t.me/tkt_sources,4 244 subscribers,9224.0
telegram marketing,najottalim,https://t.me/najottalim,36 862 subscribers,9100.0
قنوات تيليجرام,ktaketo_miss_amira,https://t.me/ktaketo_miss_amira,15 357 subscribers,9093.0
cheat engine,cheeatengine,https://t.me/cheeatengine,1 178 subscribers,8868.0
جروبات تيليجرام,bybit_announcements,https://t.me/bybit_announcements,474 062 subscribers,8864.0
free api key,fanasiaru,https://t.me/fanasiaru,651 subscribers,8832.0
serial keys,dr_farfar_channel,https://t.me/dr_farfar_channel,42 026 subscribers,8794.0
telegram catalog,galexarcatalog,https://t.me/galexarcatalog,952 subscribers,8781.0
android mod,apkvision,https://t.me/apkvision,391 118 subscribers,8779.0
telegram collection,achamcollection,https://t.me/achamcollection,12 923 subscribers,8649.0
saudi telegram,disaster_news,https://t.me/disaster_news,27 666 subscribers,8468.0
قنوات ذكاء اصطناعي,truescho,https://t.me/truescho,97 720 subscribers,8412.0
cracked software,popmods,https://t.me/popmods,26 956 subscribers,8370.0
telegram data,respublication,https://t.me/respublication,2 918 subscribers,8114.0
telegram catalog,testingcatalog,https://t.me/testingcatalog,6 096 subscribers,8077.0
قنوات تقنية,abr20kk,https://t.me/abr20kk,253 244 subscribers,7973.0
ملفات pdf,pc2_kalaji,https://t.me/pc2_kalaji,17 755 subscribers,7853.0
telegram trending channels,awesomersshub,https://t.me/awesomersshub,12 473 subscribers,7852.0
premium apk,gmpmods,https://t.me/gmpmods,275 962 subscribers,7720.0
telegram collection,englishbooks_collection,https://t.me/englishbooks_collection,55 960 subscribers,7690.0
telegram data,charuel_official,https://t.me/charuel_official,23 877 subscribers,7687.0
telegram channels list,airdrops_io,https://t.me/airdrops_io,77 458 subscribers,7568.0
telegram data,mospolytech,https://t.me/mospolytech,15 990 subscribers,7370.0
join telegram channel,piyushtrades,https://t.me/piyushtrades,13 997 subscribers,7246.0
join telegram channel,tatespeech,https://t.me/tatespeech,337 120 subscribers,7158.0
telegram trending channels,aipost,https://t.me/aipost,845 380 subscribers,6903.0
telegram data,kbgsras,https://t.me/kbgsras,12 672 subscribers,6682.0
ملفات pdf,suffy96,https://t.me/suffy96,425 308 subscribers,6640.0
telegram channels,wolaitasuniversity,https://t.me/wolaitasuniversity,19 032 subscribers,6617.0
قنوات تيليجرام,rkadyrov_95,https://t.me/rkadyrov_95,2 067 079 subscribers,6598.0
روابط تيليجرام,alofeiahmed,https://t.me/alofeiahmed,96 533 subscribers,6504.0
join telegram channel,clarity4sure,https://t.me/clarity4sure,18 315 subscribers,6490.0
adobe crack,ramkathaclips,https://t.me/ramkathaclips,1 161 subscribers,6453.0
telegram marketing,uzbek,https://t.me/uzbek,25 839 subscribers,6420.0
saudi telegram,saudiexpatsnews,https://t.me/saudiexpatsnews,5 010 subscribers,6409.0
premium apk,hidden_apps,https://t.me/hidden_apps,588 subscribers,6393.0
gemini ai,aiprompt4,https://t.me/aiprompt4,17 232 subscribers,6368.0
join telegram channel,officialhdfcsecurities,https://t.me/officialhdfcsecurities,60 041 subscribers,6358.0
unlocked apk,zyromod,https://t.me/zyromod,78 573 subscribers,6325.0
telegram data,rospatentfips,https://t.me/rospatentfips,8 256 subscribers,6280.0
egypt telegram,egypt,https://t.me/egypt,2 318 subscribers,6248.0
دورة برمجية,adisoninstitute,https://t.me/adisoninstitute,9 308 subscribers,6167.0
telegram data,susk36vrn,https://t.me/susk36vrn,1 539 subscribers,6118.0
telegram viral channels,nirajbharwad,https://t.me/nirajbharwad,107 944 subscribers,6089.0
قنوات تيليجرام,qtahsili,https://t.me/qtahsili,175 760 subscribers,6019.0
cheat engine,where_to_eat,https://t.me/where_to_eat,10 673 subscribers,5994.0
telegram hub,astana_hub,https://t.me/astana_hub,12 926 subscribers,5969.0
cheat engine,digitalbussinesskz,https://t.me/digitalbussinesskz,6 887 subscribers,5950.0
android mod,apps_android_mods,https://t.me/apps_android_mods,41 150 subscribers,5937.0
telegram directory,scholarship,https://t.me/scholarship,51 027 subscribers,5933.0
تسريبات,mezlaqk,https://t.me/mezlaqk,117 187 subscribers,5893.0
telegram public channels,kingmakersiasacademy,https://t.me/kingmakersiasacademy,18 034 subscribers,5857.0
سيرفرات iptv,mandosat,https://t.me/mandosat,11 847 subscribers,5777.0
cyber security,sparksecurity,https://t.me/sparksecurity,9 254 subscribers,5747.0
كورسات مدفوعة مجانا,analyzer_omar1,https://t.me/analyzer_omar1,10 586 subscribers,5689.0
telegram marketing,uzbekmarketing,https://t.me/uzbekmarketing,4 252 subscribers,5651.0
spotify premium,spotifygratuito,https://t.me/spotifygratuito,40 174 subscribers,5647.0
قنوات مفيدة,ansheatatthfeed,https://t.me/ansheatatthfeed,2 507 subscribers,5616.0
premium apk,sbmods1,https://t.me/sbmods1,11 811 subscribers,5591.0
ielts materials,ulugbekumidjonov,https://t.me/ulugbekumidjonov,10 880 subscribers,5527.0
pro apps,bscproclass,https://t.me/bscproclass,9 062 subscribers,5468.0
قنوات تيليجرام,sdf_press,https://t.me/sdf_press,41 752 subscribers,5466.0
telegram invite links,smartaspirants15,https://t.me/smartaspirants15,11 387 subscribers,5362.0
telegram channels,prlib,https://t.me/prlib,2 403 subscribers,5357.0
telegram channels list,vjnvclass,https://t.me/vjnvclass,5 033 subscribers,5349.0
telegram popular channels,bridgemedia,https://t.me/bridgemedia,15 737 subscribers,5248.0
telegram channels search,premium_ebooks,https://t.me/premium_ebooks,102 835 subscribers,5219.0
premium apk,windroidsy,https://t.me/windroidsy,41 616 subscribers,5183.0
join telegram channel,loksevapublicationpune,https://t.me/loksevapublicationpune,85 402 subscribers,5160.0
modded apps,resso_spotify,https://t.me/resso_spotify,32 446 subscribers,5091.0
join telegram channel,hsslive,https://t.me/hsslive,33 042 subscribers,5020.0
adobe crack,adobe2020crack,https://t.me/adobe2020crack,9 031 subscribers,4921.0
join telegram channel,youtripsg,https://t.me/youtripsg,37 685 subscribers,4874.0
telegram data,modulesrepo,https://t.me/modulesrepo,29 501 subscribers,4872.0
telegram viral channels,damsnorcet,https://t.me/damsnorcet,18 669 subscribers,4871.0
join telegram channel,examinsightlive,https://t.me/examinsightlive,14 488 subscribers,4844.0
telegram channels list,bhanuprakashdr,https://t.me/bhanuprakashdr,133 701 subscribers,4765.0
telegram collection,cashercollection,https://t.me/cashercollection,95 885 subscribers,4733.0
قنوات مشفرة,kora58n5z,https://t.me/kora58n5z,966 subscribers,4733.0
telegram hub,egorovmb,https://t.me/egorovmb,6 119 subscribers,4655.0
مواقع مفيدة,hemmaedu0,https://t.me/hemmaedu0,78 417 subscribers,4596.0
بث مباشر,c1_x2,https://t.me/c1_x2,37 506 subscribers,4590.0
وفر فلوسك,mn_discount7,https://t.me/mn_discount7,1 853 subscribers,4583.0
pro apps,tamizhantechofficial,https://t.me/tamizhantechofficial,72 558 subscribers,4583.0
telegram channels,androidwalls,https://t.me/androidwalls,67 975 subscribers,4560.0
telegram trending channels,bnbchain,https://t.me/bnbchain,81 025 subscribers,4552.0
telegram api,turonbankuz,https://t.me/turonbankuz,6 543 subscribers,4520.0
free api key,getcheatstg,https://t.me/getcheatstg,2 768 subscribers,4460.0
modded apps,mod_apk_sps_king,https://t.me/mod_apk_sps_king,29 350 subscribers,4382.0
medical books,medbooksvn2,https://t.me/medbooksvn2,17 993 subscribers,4380.0
cheat engine,ecair,https://t.me/ecair,9 753 subscribers,4296.0
join telegram channel,acledabankplc,https://t.me/acledabankplc,21 388 subscribers,4232.0
join telegram channel,godtspeed,https://t.me/godtspeed,19 977 subscribers,4231.0
telegram hidden gems,hiddengemsx,https://t.me/hiddengemsx,5 684 subscribers,4217.0
excel tutorials,sarkarstudywaves,https://t.me/sarkarstudywaves,7 341 subscribers,4156.0
دليل قنوات تيليجرام,stars517,https://t.me/stars517,856 subscribers,4130.0
telegram seo,shakinru,https://t.me/shakinru,11 650 subscribers,4120.0
دليل قنوات تيليجرام,ahmed2016a,https://t.me/ahmed2016a,8 421 subscribers,4086.0
قنوات ألعاب,c9_9m,https://t.me/c9_9m,37 237 subscribers,4079.0
premium apk,mood_app,https://t.me/mood_app,36 085 subscribers,4059.0
telegram trending channels,kenyagossipclub001,https://t.me/kenyagossipclub001,30 382 subscribers,4031.0
ps5 jailbreak,nk_ps4_ps5_games,https://t.me/nk_ps4_ps5_games,9 058 subscribers,4006.0
join telegram channel,bsiacademycpct,https://t.me/bsiacademycpct,18 269 subscribers,3954.0
telegram directory,scholarshipdirectory,https://t.me/scholarshipdirectory,165 subscribers,3928.0
modded apps,proudtechomar,https://t.me/proudtechomar,22 subscribers,3908.0
uae telegram,remotejobsdubai,https://t.me/remotejobsdubai,6 551 subscribers,3908.0
best telegram channels,wallpaperselection,https://t.me/wallpaperselection,57 175 subscribers,3901.0
قنوات أفلام,fwe99,https://t.me/fwe99,26 145 subscribers,3875.0
arab movies,tatarscienceacademy,https://t.me/tatarscienceacademy,1 555 subscribers,3840.0
cheat engine,vsumain,https://t.me/vsumain,6 734 subscribers,3820.0
telegram archive,crocuscityhallofficial,https://t.me/crocuscityhallofficial,8 331 subscribers,3808.0
telegram data,rosneftofficial,https://t.me/rosneftofficial,16 697 subscribers,3800.0
telegram data,mr_development,https://t.me/mr_development,9 951 subscribers,3760.0
telegram hub,datahub_fcbk,https://t.me/datahub_fcbk,11 343 subscribers,3749.0
telegram explorer,crypto,https://t.me/crypto,146 156 subscribers,3740.0
engineering books,mechanical,https://t.me/mechanical,9 284 subscribers,3705.0
study resources,jkstudymaterials,https://t.me/jkstudymaterials,23 651 subscribers,3701.0
free courses,webdevcoursefree,https://t.me/webdevcoursefree,77 694 subscribers,3700.0
telegram channels,wiut_official_telegram,https://t.me/wiut_official_telegram,10 744 subscribers,3691.0
telegram channels list,skillics,https://t.me/skillics,5 986 subscribers,3581.0
ai prompts,mr_aiprompt,https://t.me/mr_aiprompt,45 118 subscribers,3578.0
بث مباشر,dbarakhaltalhi,https://t.me/dbarakhaltalhi,7 051 subscribers,3566.0
uae telegram,teacherjobsuaebysts,https://t.me/teacherjobsuaebysts,3 523 subscribers,3500.0
premium apk,orikiedit,https://t.me/orikiedit,27 452 subscribers,3498.0
شروحات تقنية,win_app_exe,https://t.me/win_app_exe,6 690 subscribers,3470.0
telegram hub,osamason,https://t.me/osamason,11 658 subscribers,3447.0
ebooks free,morningebooks,https://t.me/morningebooks,12 369 subscribers,3413.0
free courses,javascript_courses,https://t.me/javascript_courses,54 494 subscribers,3398.0
cyber security,cybersecurityforall24,https://t.me/cybersecurityforall24,33 837 subscribers,3382.0
telegram popular channels,jee_full_study_material,https://t.me/jee_full_study_material,43 493 subscribers,3375.0
paid courses free,windroidpremium,https://t.me/windroidpremium,61 464 subscribers,3357.0
telegram collection,tjcollection,https://t.me/tjcollection,20 821 subscribers,3349.0
office activator,ethioapps1,https://t.me/ethioapps1,20 418 subscribers,3329.0
premium apk,allplaystorepaidapp,https://t.me/allplaystorepaidapp,1 182 subscribers,3307.0
cracked software,windows_pc_softwares,https://t.me/windows_pc_softwares,13 208 subscribers,3303.0
medical books,usmle_in_arabic,https://t.me/usmle_in_arabic,75 890 subscribers,3303.0
telegram trending channels,vinayediting,https://t.me/vinayediting,15 254 subscribers,3301.0
steam free games,freegamessteam,https://t.me/freegamessteam,1 597 subscribers,3224.0
academic resources,schoolpvh1,https://t.me/schoolpvh1,7 367 subscribers,3175.0
university notes,mba2o21,https://t.me/mba2o21,7 660 subscribers,3077.0
modded apps,r_device,https://t.me/r_device,29 368 subscribers,3076.0
paid courses free,free_course_apps,https://t.me/free_course_apps,68 726 subscribers,3075.0
netflix premium,netflixghana,https://t.me/netflixghana,159 subscribers,3067.0
قنوات تيليجرام مفيدة,watisab11,https://t.me/watisab11,1 551 subscribers,3063.0
telegram channels,boaeth,https://t.me/boaeth,186 556 subscribers,3050.0
series hd,seriesclubhd,https://t.me/seriesclubhd,21 374 subscribers,2974.0
قنوات ترند تيليجرام,chaouchcanel,https://t.me/chaouchcanel,94 471 subscribers,2928.0
telegram viral channels,androidmalware,https://t.me/androidmalware,43 543 subscribers,2900.0
telegram catalog,galexar,https://t.me/galexar,747 subscribers,2881.0
shared accounts,steamiq,https://t.me/steamiq,37 484 subscribers,2881.0
best ai tools,best_ai_tools,https://t.me/best_ai_tools,159 126 subscribers,2856.0
هكر أخلاقي,ecp_0,https://t.me/ecp_0,6 569 subscribers,2853.0
gaming news,focusgn,https://t.me/focusgn,98 subscribers,2838.0
telegram viral channels,ukr_sof,https://t.me/ukr_sof,135 705 subscribers,2823.0
قنوات مفيدة,azoz4618888,https://t.me/azoz4618888,3 196 subscribers,2815.0
ai prompts,chatgptmastermind,https://t.me/chatgptmastermind,6 385 subscribers,2812.0
telegram communities,yama_darma_twitch,https://t.me/yama_darma_twitch,7 287 subscribers,2782.0
ebooks free,amazonebook,https://t.me/amazonebook,92 251 subscribers,2762.0
telegram communities,amwaycommunity,https://t.me/amwaycommunity,5 340 subscribers,2640.0
روابط تيليجرام,fenak_gaming_official,https://t.me/fenak_gaming_official,4 603 subscribers,2621.0
research papers,python53,https://t.me/python53,48 562 subscribers,2567.0
canva pro,sharecanvaprofree,https://t.me/sharecanvaprofree,9 265 subscribers,2561.0
قنوات ترند تيليجرام,may_trading,https://t.me/may_trading,1 612 subscribers,2541.0
free courses,pythondevelopersindia,https://t.me/pythondevelopersindia,62 182 subscribers,2533.0
telegram scraping,learnpython3,https://t.me/learnpython3,122 327 subscribers,2524.0
telegram invite links,whatsappbetas,https://t.me/whatsappbetas,9 320 subscribers,2493.0
warez,medlabexpress_perm,https://t.me/medlabexpress_perm,1 379 subscribers,2476.0
telegram communities,toncoin,https://t.me/toncoin,8 171 364 subscribers,2381.0
academic resources,nu_aao,https://t.me/nu_aao,3 385 subscribers,2358.0
بث مباشر,alokalive,https://t.me/alokalive,10 974 subscribers,2291.0
telegram automation tools,plcsoftware,https://t.me/plcsoftware,15 190 subscribers,2268.0
study resources,neet_full_study_material,https://t.me/neet_full_study_material,58 412 subscribers,2264.0
نسخة احترافية,desmajg,https://t.me/desmajg,5 629 subscribers,2245.0
telegram data,open_solutions,https://t.me/open_solutions,1 978 subscribers,2199.0
cyber security,cybersafeindia,https://t.me/cybersafeindia,2 239 subscribers,2191.0
youtube premium,descargar,https://t.me/descargar,511 727 subscribers,2181.0
premium apk,apkresult,https://t.me/apkresult,15 067 subscribers,2177.0
pdf books,gujarati,https://t.me/gujarati,19 986 subscribers,2175.0
telegram explorer,cryptoexplorerchannel,https://t.me/cryptoexplorerchannel,5 185 subscribers,2171.0
warez,pantus64,https://t.me/pantus64,288 subscribers,2154.0
series hd,hd_anime_series,https://t.me/hd_anime_series,111 119 subscribers,2149.0
warez,copyrightbr,https://t.me/copyrightbr,15 249 subscribers,2106.0
telegram catalog,catalogtelegram,https://t.me/catalogtelegram,16 550 subscribers,2080.0
قنوات ألعاب,goldengamescanal,https://t.me/goldengamescanal,98 365 subscribers,2033.0
شروحات تقنية,torky55,https://t.me/torky55,11 777 subscribers,2007.0
dubai discounts,distress_deal,https://t.me/distress_deal,5 937 subscribers,2004.0
قنوات ذكاء اصطناعي,photifyai,https://t.me/photifyai,69 133 subscribers,2001.0
arab movies,allindiandjsclub,https://t.me/allindiandjsclub,3 250 subscribers,1939.0
قنوات ترند تيليجرام,mw40oo,https://t.me/mw40oo,4 146 subscribers,1924.0
paid courses free,kotricks,https://t.me/kotricks,9 945 subscribers,1910.0
telegram public channels,v_pastukhov,https://t.me/v_pastukhov,154 990 subscribers,1903.0
windows activator,korchma_msk,https://t.me/korchma_msk,3 187 subscribers,1896.0
قنوات ذكاء اصطناعي,artificial_intelligence_ai,https://t.me/artificial_intelligence_ai,15 957 subscribers,1859.0
telegram marketing,marketingespressochannel,https://t.me/marketingespressochannel,17 756 subscribers,1804.0
gaming news,creativegamerzyt,https://t.me/creativegamerzyt,46 957 subscribers,1804.0
تطبيقات معدلة,y5_m5,https://t.me/y5_m5,2 450 subscribers,1771.0
جروبات تعليم,myx1x,https://t.me/myx1x,33 926 subscribers,1768.0
روابط تيليجرام,sy_defense,https://t.me/sy_defense,94 013 subscribers,1767.0
series hd,peliculas_netflix_series_hd,https://t.me/peliculas_netflix_series_hd,12 653 subscribers,1767.0
free courses,udacityfreecourse,https://t.me/udacityfreecourse,47 784 subscribers,1748.0
telegram collection,my_collections_channel,https://t.me/my_collections_channel,458 subscribers,1733.0
telegram collection,physwizz2,https://t.me/physwizz2,4 079 subscribers,1697.0
best ai tools,ai_best_tools,https://t.me/ai_best_tools,53 551 subscribers,1697.0
telegram public channels,koica_info,https://t.me/koica_info,1 765 subscribers,1696.0
join telegram channel,gyandevhost,https://t.me/gyandevhost,11 955 subscribers,1675.0
telegram directory,tlgrmc,https://t.me/tlgrmc,9 426 subscribers,1671.0
deepseek,chatgptme,https://t.me/chatgptme,110 937 subscribers,1666.0
تقنيات حديثة,tekanitell,https://t.me/tekanitell,19 403 subscribers,1657.0
telegram catalog,pavelmazkoart,https://t.me/pavelmazkoart,7 062 subscribers,1643.0
قنوات ألعاب,temporarilyfreegames,https://t.me/temporarilyfreegames,5 476 subscribers,1579.0
android mod,rockstargamesmods,https://t.me/rockstargamesmods,2 909 subscribers,1573.0
premium apk,appsmodification,https://t.me/appsmodification,20 233 subscribers,1553.0
gaming leaks,ritgaming,https://t.me/ritgaming,1 280 subscribers,1544.0
join telegram channel,firewithivan,https://t.me/firewithivan,1 872 subscribers,1499.0
premium apk,mrpremuimapp,https://t.me/mrpremuimapp,2 473 subscribers,1491.0
arab movies,arabickhasu,https://t.me/arabickhasu,41 802 subscribers,1485.0
osint tools,osintlosena,https://t.me/osintlosena,7 198 subscribers,1476.0
أمن سيبراني,cys1_2,https://t.me/cys1_2,1 097 subscribers,1424.0
قنوات تيليجرام,kodurat1,https://t.me/kodurat1,48 676 subscribers,1402.0
unlocked apk,zyrolite,https://t.me/zyrolite,13 738 subscribers,1390.0
india telegram channels,originosindia,https://t.me/originosindia,4 419 subscribers,1386.0
telegram explorer,tuchforgmaing,https://t.me/tuchforgmaing,50 subscribers,1375.0
adobe crack,mikrotik_sensei,https://t.me/mikrotik_sensei,18 994 subscribers,1369.0
premium apk,ab_premium_apps,https://t.me/ab_premium_apps,240 642 subscribers,1361.0
telegram communities,gameechannel,https://t.me/gameechannel,2 304 997 subscribers,1360.0
جروبات تعليم,baya_seed_stemers,https://t.me/baya_seed_stemers,6 685 subscribers,1359.0
game mods,betegaming12,https://t.me/betegaming12,21 900 subscribers,1352.0
telegram invite links,asm_minds_4th_generation,https://t.me/asm_minds_4th_generation,3 648 subscribers,1351.0
data analysis python,pythonanalyst,https://t.me/pythonanalyst,51 272 subscribers,1331.0
أقوى قنوات تيليجرام,kaldalaomar,https://t.me/kaldalaomar,8 460 subscribers,1310.0
telegram collection,atlasart_collection,https://t.me/atlasart_collection,1 535 subscribers,1290.0
pdf books,gujaratipdfbook,https://t.me/gujaratipdfbook,3 772 subscribers,1274.0
telegram api,catizenann,https://t.me/catizenann,4 505 729 subscribers,1259.0
قنوات ألعاب,windroidhq,https://t.me/windroidhq,13 402 subscribers,1258.0
premium apk,itsmealexaliza,https://t.me/itsmealexaliza,34 886 subscribers,1247.0
uae telegram,rusembuae,https://t.me/rusembuae,6 021 subscribers,1234.0
india telegram channels,boomingbullsindianmarket,https://t.me/boomingbullsindianmarket,138 550 subscribers,1232.0
قنوات أفلام,disneymasry,https://t.me/disneymasry,876 163 subscribers,1221.0
telegram channels list,infinityclass12,https://t.me/infinityclass12,11 413 subscribers,1220.0
premium apk,capcut_download,https://t.me/capcut_download,18 905 subscribers,1175.0
قنوات أفلام,netflix240,https://t.me/netflix240,43 555 subscribers,1151.0
telegram trending channels,trendingapps,https://t.me/trendingapps,4 599 906 subscribers,1121.0
bug bounty,standoff_365,https://t.me/standoff_365,7 829 subscribers,1121.0
telegram invite links,contlictobservers,https://t.me/contlictobservers,48 555 subscribers,1120.0
spotify premium,mondoretrohack,https://t.me/mondoretrohack,8 969 subscribers,1112.0
pro apps,raiyanmods,https://t.me/raiyanmods,311 877 subscribers,1075.0
premium apk,premiumapp,https://t.me/premiumapp,29 896 subscribers,1054.0
telegram data,open_ff,https://t.me/open_ff,4 295 subscribers,1054.0
أمن سيبراني,usf_computer1_cys_3,https://t.me/usf_computer1_cys_3,780 subscribers,1048.0
spotify premium,spotify_premium,https://t.me/spotify_premium,6 138 subscribers,1045.0
android mod,modding_tools,https://t.me/modding_tools,15 514 subscribers,1035.0
telegram seo,seo_jobs,https://t.me/seo_jobs,4 209 subscribers,1032.0
gaming news,topgameplayz,https://t.me/topgameplayz,9 770 subscribers,1019.0
سيرفرات iptv,kurdvpnindeutschland,https://t.me/kurdvpnindeutschland,734 subscribers,985.0
telegram hub,ggdeducationhub,https://t.me/ggdeducationhub,70 763 subscribers,981.0
cyber security,cybersecuredindia,https://t.me/cybersecuredindia,9 074 subscribers,974.0
gemini ai,geminiofficial_apac,https://t.me/geminiofficial_apac,6 239 subscribers,968.0
ملفات pdf,medical_report,https://t.me/medical_report,290 046 subscribers,963.0
adobe crack,premastrologer,https://t.me/premastrologer,81 subscribers,948.0
telegram marketing,partnerkin_en,https://t.me/partnerkin_en,2 860 subscribers,929.0
telegram communities,armdrone_community,https://t.me/armdrone_community,594 subscribers,896.0
iptv links,healthhubsg,https://t.me/healthhubsg,15 817 subscribers,892.0
premium apk,skphotoedits,https://t.me/skphotoedits,42 706 subscribers,853.0
تعليم إكسيل,learnexcel12,https://t.me/learnexcel12,54 593 subscribers,848.0
dubai community,s/joinchateuropeanjobs?before=840,https://t.me/s/joinchateuropeanjobs?before=840,Private / Invite,839.0
dubai community,s/joinchateuropeanjobs?before=840&amp,https://t.me/s/joinchateuropeanjobs?before=840&amp,Private / Invite,839.0
india telegram channels,sarmadpolity,https://t.me/sarmadpolity,14 914 subscribers,789.0
ebooks free,free_ebooks_pdfs,https://t.me/free_ebooks_pdfs,41 410 subscribers,765.0
uae promo codes,promocodesgcc,https://t.me/promocodesgcc,1 631 subscribers,758.0
جروبات تيليجرام,drmuhamedayman,https://t.me/drmuhamedayman,104 890 subscribers,756.0
telegram popular channels,enrichedsoilandsoul,https://t.me/enrichedsoilandsoul,518 subscribers,745.0
telegram hub,medical_learning_hub,https://t.me/medical_learning_hub,2 848 subscribers,745.0
telegram channels list,coinlistofficialchannel,https://t.me/coinlistofficialchannel,41 066 subscribers,742.0
premium apk,unlocked_apps,https://t.me/unlocked_apps,10 988 subscribers,736.0
telegram growth tips,upworkprofilepro,https://t.me/upworkprofilepro,2 550 subscribers,709.0
روابط تيليجرام,whatsomar,https://t.me/whatsomar,374 394 subscribers,708.0
canva pro,canvapro_gratuit00,https://t.me/canvapro_gratuit00,5 439 subscribers,702.0
iptv links,newgmaiptv,https://t.me/newgmaiptv,1 474 subscribers,700.0
سيرفرات iptv,iptvbast1,https://t.me/iptvbast1,1 523 subscribers,693.0
dubai community,s/joinchateuropeanjobs?before=692&amp,https://t.me/s/joinchateuropeanjobs?before=692&amp,Private / Invite,691.0
dubai community,s/joinchateuropeanjobs?before=692,https://t.me/s/joinchateuropeanjobs?before=692,Private / Invite,691.0
telegram channels,pw_chemistry_class_9_and_10,https://t.me/pw_chemistry_class_9_and_10,96 753 subscribers,686.0
cracked software,bestdentalsoftware,https://t.me/bestdentalsoftware,1 394 subscribers,681.0
warez,antibioticschannel,https://t.me/antibioticschannel,4 814 subscribers,667.0
premium apk,motasimtech,https://t.me/motasimtech,741 subscribers,650.0
أدوات الذكاء,aitools3,https://t.me/aitools3,11 212 subscribers,635.0
telegram api,kucoin_api_notify,https://t.me/kucoin_api_notify,1 258 subscribers,633.0
سيرفرات iptv,getiptvfree,https://t.me/getiptvfree,1 235 subscribers,606.0
adobe crack,favoritparts,https://t.me/favoritparts,620 subscribers,598.0
join telegram channel,iremovesoftware,https://t.me/iremovesoftware,49 701 subscribers,579.0
pro apps,android_appsx,https://t.me/android_appsx,131 436 subscribers,559.0
telegram collection,roolzgods,https://t.me/roolzgods,1 577 264 subscribers,555.0
دليل قنوات تيليجرام,qnwat,https://t.me/qnwat,7 352 subscribers,551.0
telegram public channels,prosetupschannel,https://t.me/prosetupschannel,1 008 subscribers,548.0
تطبيقات مهكرة,omarmods,https://t.me/omarmods,37 744 subscribers,542.0
egypt telegram,investcashegypt,https://t.me/investcashegypt,2 241 subscribers,532.0
spotify premium,spotify_il,https://t.me/spotify_il,9 543 subscribers,526.0
telegram public channels,durov,https://t.me/durov,10 079 197 subscribers,510.0
telegram crawler,playoutmine,https://t.me/playoutmine,6 073 subscribers,510.0
telegram marketing,ilya_krasinsky,https://t.me/ilya_krasinsky,25 902 subscribers,510.0
research papers,sgresearchnetwork,https://t.me/sgresearchnetwork,4 068 subscribers,504.0
قنوات ألعاب,pcgameslist,https://t.me/pcgameslist,131 142 subscribers,500.0
bug bounty,daily,https://t.me/daily,5 119 subscribers,499.0
warez,mknoticias,https://t.me/mknoticias,3 583 subscribers,494.0
spotify premium,spotifygeek,https://t.me/spotifygeek,27 784 subscribers,493.0
شروحات تقنية,zlwhatsapp,https://t.me/zlwhatsapp,17 634 subscribers,491.0
قنوات أفلام,basem4aflamcartoooon,https://t.me/basem4aflamcartoooon,790 563 subscribers,488.0
dubai community,ethiocomdubai,https://t.me/ethiocomdubai,1 464 subscribers,459.0
telegram search engine,searchenginesoptimization20,https://t.me/searchenginesoptimization20,3 873 subscribers,439.0
join telegram channel,telegram,https://t.me/telegram,10 699 810 subscribers,439.0
warez,babytimetv,https://t.me/babytimetv,859 subscribers,434.0
telegram channels list,cryptojobs,https://t.me/cryptojobs,4 406 subscribers,422.0
telegram search engine,lyzemcom,https://t.me/lyzemcom,1 970 subscribers,410.0
telegram explorer,indoriexplorer,https://t.me/indoriexplorer,21 904 subscribers,394.0
قنوات ألعاب,hamster_kombat,https://t.me/hamster_kombat,26 247 566 subscribers,387.0
telegram channels list,shubhamkr_ias,https://t.me/shubhamkr_ias,93 411 subscribers,384.0
university notes,fyugpinfo,https://t.me/fyugpinfo,616 subscribers,384.0
kali linux,kalilinux,https://t.me/kalilinux,17 778 subscribers,357.0
telegram channels search,mother,https://t.me/mother,1 697 subscribers,349.0
دليل قنوات تيليجرام,groupat,https://t.me/groupat,16 417 subscribers,337.0
telegram public channels,investigations,https://t.me/investigations,97 105 subscribers,317.0
telegram search engine,intelxio,https://t.me/intelxio,6 904 subscribers,313.0
مواقع مفيدة,linconstore,https://t.me/linconstore,8 916 subscribers,312.0
youtube premium,descargaryoutubepremium,https://t.me/descargaryoutubepremium,281 subscribers,297.0
telegram growth tips,careercircuit,https://t.me/careercircuit,7 507 subscribers,295.0
قنوات مشفرة,hhh_hq,https://t.me/hhh_hq,6 347 subscribers,286.0
serial keys,eset_aio_keys,https://t.me/eset_aio_keys,7 244 subscribers,285.0
روابط تيليجرام,nicepictures4,https://t.me/nicepictures4,126 subscribers,282.0
مواقع مفيدة,websitesforall,https://t.me/websitesforall,3 695 subscribers,278.0
telegram archive,gkikernel,https://t.me/gkikernel,5 381 subscribers,257.0
اشتراكات مجانية,almagaaedalmaganya,https://t.me/almagaaedalmaganya,23 041 subscribers,254.0
uae telegram,harfuae,https://t.me/harfuae,196 subscribers,246.0
medical books,medicallibrarymax,https://t.me/medicallibrarymax,12 617 subscribers,239.0
قنوات ذكاء اصطناعي,ai_news_arabic,https://t.me/ai_news_arabic,3 191 subscribers,236.0
premium apk,gdrivehubapps,https://t.me/gdrivehubapps,21 271 subscribers,235.0
warez,masterodrigo,https://t.me/masterodrigo,568 subscribers,233.0
telegram hub,thenotes,https://t.me/thenotes,2 subscribers,231.0
telegram channels,tuckercarlsonnetwork,https://t.me/tuckercarlsonnetwork,226 379 subscribers,220.0
join telegram channel,sarkarijobscom,https://t.me/sarkarijobscom,19 645 subscribers,220.0
telegram public channels,tandroidbeta,https://t.me/tandroidbeta,63 807 subscribers,207.0
spotify premium,spotilifeipas,https://t.me/spotilifeipas,32 921 subscribers,197.0
engineering books,mechanicalengineeringbooks,https://t.me/mechanicalengineeringbooks,21 154 subscribers,193.0
premium apk,wps_office_mod_apk,https://t.me/wps_office_mod_apk,2 284 subscribers,192.0
قنوات تيليجرام مفيدة,eatutorials,https://t.me/eatutorials,9 491 subscribers,190.0
serial keys,microsoft_product_keys,https://t.me/microsoft_product_keys,30 290 subscribers,188.0
series hd,school_2021_webseries,https://t.me/school_2021_webseries,521 subscribers,183.0
قنوات أفلام,quicnew,https://t.me/quicnew,11 120 subscribers,176.0
telegram growth tips,t_tutorial,https://t.me/t_tutorial,4 236 subscribers,169.0
india telegram channels,sanjitamohapatra,https://t.me/sanjitamohapatra,10 706 subscribers,163.0
warez,wilcomsoftwaredownloads,https://t.me/wilcomsoftwaredownloads,837 subscribers,163.0
telegram communities,ucoznews,https://t.me/ucoznews,2 606 subscribers,161.0
windows activator,win11activator,https://t.me/win11activator,5 212 subscribers,157.0
premium apk,photographytamizhaapps,https://t.me/photographytamizhaapps,13 692 subscribers,153.0
مواقع مفيدة,applications09,https://t.me/applications09,549 subscribers,152.0
amazon deals uae,premiumlootdeals,https://t.me/premiumlootdeals,36 071 subscribers,146.0
telegram catalog,testing,https://t.me/testing,1 426 subscribers,144.0
telegram scraping,scrapesgen,https://t.me/scrapesgen,229 subscribers,143.0
gaming news,gaming_news_ogc,https://t.me/gaming_news_ogc,108 592 subscribers,136.0
cracked software,macbook_software,https://t.me/macbook_software,13 352 subscribers,128.0
free courses,udacity,https://t.me/udacity,2 284 subscribers,124.0
premium apk,resso_mod_apk,https://t.me/resso_mod_apk,716 subscribers,116.0
telegram data,elibrary_ru_official,https://t.me/elibrary_ru_official,12 299 subscribers,115.0
series hd,sunflower_series_zee5_2021,https://t.me/sunflower_series_zee5_2021,1 204 subscribers,102.0
warez,canalservidorelite,https://t.me/canalservidorelite,251 subscribers,101.0
spotify premium,spotify_ios,https://t.me/spotify_ios,7 167 subscribers,90.0
apk hacks,moddeddirectdownload,https://t.me/moddeddirectdownload,3 331 subscribers,83.0
قنوات أفلام,firesexhop,https://t.me/firesexhop,1 408 subscribers,80.0
warez,turkhacksforum,https://t.me/turkhacksforum,192 subscribers,78.0
warez,izisell,https://t.me/izisell,425 subscribers,75.0
sora ai,openaisora,https://t.me/openaisora,395 subscribers,72.0
قنوات أفلام,reed2014,https://t.me/reed2014,20 083 subscribers,62.0
telegram channels search,torproject,https://t.me/torproject,31 897 subscribers,57.0
youtube premium,vancedapp,https://t.me/vancedapp,21 049 subscribers,54.0
مواقع مفيدة,mawaqi3,https://t.me/mawaqi3,81 subscribers,52.0
adobe crack,adobe_download_2024,https://t.me/adobe_download_2024,394 subscribers,49.0
adobe crack,adobe_mac_download,https://t.me/adobe_mac_download,3 452 subscribers,44.0
cyber security,spark,https://t.me/spark,1 703 subscribers,43.0
telegram channels,moeexitexamofficial,https://t.me/moeexitexamofficial,64 667 subscribers,43.0
telegram seo,backlinksforgoogle1,https://t.me/backlinksforgoogle1,509 subscribers,41.0
telegram collection,casher,https://t.me/casher,4 764 subscribers,37.0
telegram scraping,thordataproxy,https://t.me/thordataproxy,459 subscribers,31.0
live tv,dth_live_tv_app,https://t.me/dth_live_tv_app,3 278 subscribers,29.0
قنوات ألعاب,games,https://t.me/games,67 366 subscribers,29.0
premium apk,kinemsatermod,https://t.me/kinemsatermod,5 603 subscribers,25.0
telegram directory,tgdrchannel,https://t.me/tgdrchannel,930 subscribers,22.0
telegram seo,bhs_links,https://t.me/bhs_links,1 506 subscribers,21.0
telegram viral channels,virus,https://t.me/virus,5 708 subscribers,21.0
claude ai,anthropicai,https://t.me/anthropicai,492 subscribers,18.0
telegram trending channels,solearly,https://t.me/solearly,1 subscriber,18.0
telegram crawler,playlag,https://t.me/playlag,406 subscribers,17.0
uae telegram,gulfnews,https://t.me/gulfnews,6 subscribers,15.0
telegram channels search,username,https://t.me/username,1 300 408 subscribers,13.0
telegram api,bybit,https://t.me/bybit,3 795 131 subscribers,13.0
series hd,friends_watch_download_hd,https://t.me/friends_watch_download_hd,6 932 subscribers,11.0
telegram hub,missioncapfhub,https://t.me/missioncapfhub,95 subscribers,11.0
paid courses free,freepaidcourse11,https://t.me/freepaidcourse11,14 622 subscribers,11.0
ielts materials,cambridge,https://t.me/cambridge,266 subscribers,11.0
telegram trending channels,cherry,https://t.me/cherry,2 037 subscribers,10.0
claude ai,claudeprotocol,https://t.me/claudeprotocol,156 subscribers,9.0
telegram search engine,searcheverythings,https://t.me/searcheverythings,9 702 subscribers,8.0
shared accounts,sharedsteam,https://t.me/sharedsteam,14 258 subscribers,7.0
قنوات مشفرة,jolatv,https://t.me/jolatv,136 subscribers,7.0
ebooks free,morning,https://t.me/morning,1 074 subscribers,7.0
sora ai,soraicommunity,https://t.me/soraicommunity,1 579 subscribers,7.0
claude ai,pickl_ai,https://t.me/pickl_ai,79 subscribers,7.0
deepseek,deepseek,https://t.me/deepseek,12 866 subscribers,6.0
telegram public channels,boost,https://t.me/boost,,6.0
modded apps,editorggr,https://t.me/editorggr,81 343 subscribers,5.0
telegram catalog,globauto,https://t.me/globauto,3 subscribers,4.0
join telegram channel,btchyperz,https://t.me/btchyperz,9 672 subscribers,4.0
telegram communities,join_community,https://t.me/join_community,13 448 subscribers,3.0
telegram invite links,hot_girl_girlx,https://t.me/hot_girl_girlx,21 776 subscribers,3.0
telegram archive,refold,https://t.me/refold,3 subscribers,2.0
machine learning,datasciencem,https://t.me/datasciencem,6 subscribers,2.0
قنوات ألعاب,vrpirates,https://t.me/vrpirates,,2.0
telegram index,indexmd,https://t.me/indexmd,78 subscribers,1.0
telegram channels search,parulmama,https://t.me/parulmama,621 subscribers,1.0
free courses,dwmfreecourses,https://t.me/dwmfreecourses,6 842 subscribers,1.0
warez,tlgr_a,https://t.me/tlgr_a,8 subscribers,1.0
telegram hub,oneclassin,https://t.me/oneclassin,11 376 subscribers,1.0
,,,,
premium apk,lightroomproapk,https://t.me/lightroomproapk,15 073 subscribers,
premium apk,alight_motion_apk,https://t.me/alight_motion_apk,14 331 subscribers,
premium apk,photoleappro,https://t.me/photoleappro,,
premium apk,photoleapproapk,https://t.me/photoleapproapk,2 834 subscribers,
premium apk,lightroompro,https://t.me/lightroompro,,
premium apk,alight_motion_,https://t.me/alight_motion_,,
modded apps,unpack_dex,https://t.me/unpack_dex,11 453 subscribers,
cracked software,bestdental,https://t.me/bestdental,,
cracked software,aman_avia,https://t.me/aman_avia,@aman_avia,
cracked software,windows_pc_,https://t.me/windows_pc_,,
cracked software,+iRbT6ynGhkUwMTcy,https://t.me/+iRbT6ynGhkUwMTcy,Private / Invite,
apk hacks,foryougod_mod,https://t.me/foryougod_mod,,
تطبيقات مهكرة,devrabie,https://t.me/devrabie,535 666 subscribers,
تطبيقات مهكرة,alastaralmdfoa,https://t.me/alastaralmdfoa,356 236 subscribers,
chatgpt tools,ai_best_,https://t.me/ai_best_,,
بث مباشر,quran_station,https://t.me/quran_station,363 629 subscribers,
مواقع مفيدة,ans_yt,https://t.me/ans_yt,3 421 subscribers,
قنوات مفيدة,bookpdf3,https://t.me/bookpdf3,19 110 subscribers,
قنوات مفيدة,katma_mh,https://t.me/katma_mh,12 258 subscribers,
قنوات مفيدة,addlist,https://t.me/addlist,,
telegram channels search,searchreport,https://t.me/searchreport,@searchreport,
telegram channels search,apna_pdf,https://t.me/apna_pdf,146 359 subscribers,
telegram channels search,zafgil,https://t.me/zafgil,@zafgil,
telegram explorer,indori,https://t.me/indori,,
telegram explorer,explore,https://t.me/explore,@explore,
telegram catalog,alexkhart88,https://t.me/alexkhart88,@alexkhart88,
telegram crawler,catacombcrawlers,https://t.me/catacombcrawlers,"1 217 members, 57 online",
telegram crawler,tfcrawl,https://t.me/tfcrawl,"266 members, 45 online",
telegram crawler,catacomb,https://t.me/catacomb,@catacomb,
telegram crawler,joinchat/Vy9_EUgGRbvxn2t1,https://t.me/joinchat/Vy9_EUgGRbvxn2t1,Private / Invite,
telegram crawler,+GGQdwOhjlI4zZDE9&amp,https://t.me/+GGQdwOhjlI4zZDE9&amp,Private / Invite,
telegram crawler,+GGQdwOhjlI4zZDE9,https://t.me/+GGQdwOhjlI4zZDE9,Private / Invite,
telegram crawler,joinchat/Vy9_EUgGRbvxn2t1&amp,https://t.me/joinchat/Vy9_EUgGRbvxn2t1&amp,Private / Invite,
telegram trending channels,trendgk,https://t.me/trendgk,345 566 subscribers,
أفلام وثائقية,dusyria,https://t.me/dusyria,1 267 subscribers,
أفلام وثائقية,documentary50,https://t.me/documentary50,10 851 subscribers,
أفلام وثائقية,joinchat/Si0VY3xOv8DGc90B,https://t.me/joinchat/Si0VY3xOv8DGc90B,Private / Invite,
أفلام وثائقية,joinchat/Si0VY3xOv8DGc90B&amp,https://t.me/joinchat/Si0VY3xOv8DGc90B&amp,Private / Invite,
قنوات مفيدة,ktbsthatia,https://t.me/ktbsthatia,36 426 subscribers,
قنوات مفيدة,lovekotob,https://t.me/lovekotob,483 066 subscribers,
قنوات مفيدة,joinchat/AAAAAEj3YSjj42dCPaIXFQ,https://t.me/joinchat/AAAAAEj3YSjj42dCPaIXFQ,Private / Invite,
telegram api,bybitapi,https://t.me/bybitapi,"16 049 members, 1 680 online",
telegram api,kucoin_api_cn,https://t.me/kucoin_api_cn,"895 members, 26 online",
telegram api,kucoin_,https://t.me/kucoin_,,
telegram api,kucoin_api,https://t.me/kucoin_api,"6 096 members, 358 online",
telegram api,binance_api_english,https://t.me/binance_api_english,"12 481 members, 1 318 online",
telegram api,binance_,https://t.me/binance_,,
telegram api,binanceexchange,https://t.me/binanceexchange,"394 545 members, 10 239 online",
telegram api,wallet,https://t.me/wallet,@wallet,
telegram api,mexcapisupport,https://t.me/mexcapisupport,"10 093 members, 904 online",
telegram viral channels,dgpindia,https://t.me/dgpindia,91 595 subscribers,
telegram viral channels,joinchat/AAAAAFkPBMydYRJE_vzeZA&amp,https://t.me/joinchat/AAAAAFkPBMydYRJE_vzeZA&amp,Private / Invite,
telegram viral channels,joinchat/AAAAAFkPBMydYRJE_vzeZA,https://t.me/joinchat/AAAAAFkPBMydYRJE_vzeZA,Private / Invite,
telegram viral channels,+xA_V9zerpr1jZjk9&amp,https://t.me/+xA_V9zerpr1jZjk9&amp,Private / Invite,
telegram viral channels,+y2kZESyR_n1hOWJl&amp,https://t.me/+y2kZESyR_n1hOWJl&amp,Private / Invite,
telegram viral channels,+xA_V9zerpr1jZjk9,https://t.me/+xA_V9zerpr1jZjk9,Private / Invite,
telegram viral channels,+y2kZESyR_n1hOWJl,https://t.me/+y2kZESyR_n1hOWJl,Private / Invite,
بحث قنوات تيليجرام,tamheer1,https://t.me/tamheer1,5 692 subscribers,
بحث قنوات تيليجرام,joinchat/AAAAAD9HSlu2rKcqryiv4Q,https://t.me/joinchat/AAAAAD9HSlu2rKcqryiv4Q,Private / Invite,
دليل قنوات تيليجرام,joinchat/AAAAAEpO7ksSnyIjfWChtw,https://t.me/joinchat/AAAAAEpO7ksSnyIjfWChtw,Private / Invite,
india telegram channels,us_visa_stamping_india,https://t.me/us_visa_stamping_india,"80 130 members, 285 online",
india telegram channels,regular_h1b_h4_visaslotschecking,https://t.me/regular_h1b_h4_visaslotschecking,"40 128 members, 149 online",
india telegram channels,us_visa_stamping_,https://t.me/us_visa_stamping_,,
suno ai,sunoai_trends,https://t.me/sunoai_trends,154 subscribers,
suno ai,mymusicsunoai,https://t.me/mymusicsunoai,14 members,
suno ai,aimusic,https://t.me/aimusic,,
suno ai,mymusic,https://t.me/mymusic,,
suno ai,sunoaichat,https://t.me/sunoaichat,4 members,
suno ai,suno_aii,https://t.me/suno_aii,"132 members, 4 online",
suno ai,sansunoaimusicfestival,https://t.me/sansunoaimusicfestival,250 subscribers,
medical books,medicalbooksstore55,https://t.me/medicalbooksstore55,16 603 subscribers,
medical books,million_medical_books,https://t.me/million_medical_books,95 522 subscribers,
medical books,million_,https://t.me/million_,,
medical books,joinchat/eK8mdEuPdwI5MmY0&amp,https://t.me/joinchat/eK8mdEuPdwI5MmY0&amp,Private / Invite,
medical books,joinchat/VuQW32ezFFdFcz7p,https://t.me/joinchat/VuQW32ezFFdFcz7p,Private / Invite,
medical books,+eD5LXgOEQU5lOTI1,https://t.me/+eD5LXgOEQU5lOTI1,Private / Invite,
medical books,joinchat/AAAAADxuYMgnpXhHhSzIlQ&amp,https://t.me/joinchat/AAAAADxuYMgnpXhHhSzIlQ&amp,Private / Invite,
medical books,joinchat/VuQW32ezFFdFcz7p&amp,https://t.me/joinchat/VuQW32ezFFdFcz7p&amp,Private / Invite,
medical books,joinchat/AAAAADxuYMgnpXhHhSzIlQ,https://t.me/joinchat/AAAAADxuYMgnpXhHhSzIlQ,Private / Invite,
medical books,joinchat/eK8mdEuPdwI5MmY0,https://t.me/joinchat/eK8mdEuPdwI5MmY0,Private / Invite,
telegram channels,wiut_official_,https://t.me/wiut_official_,,
uae telegram,uae_brokers,https://t.me/uae_brokers,"4 415 members, 124 online",
uae telegram,rusemb,https://t.me/rusemb,@rusemb,
serial keys,microsoft_product_,https://t.me/microsoft_product_,,
saudi telegram,smlestudy,https://t.me/smlestudy,"165 members, 13 online",
dubai community,dubaicreekharbour,https://t.me/dubaicreekharbour,"3 046 members, 964 online",
dubai community,ethiocom,https://t.me/ethiocom,,
dubai community,web3dubai_community,https://t.me/web3dubai_community,"567 members, 60 online",
adobe crack,adobephotoshopcrac,https://t.me/adobephotoshopcrac,197 subscribers,
adobe crack,adobe_install,https://t.me/adobe_install,4 640 subscribers,
adobe crack,joinchat/9F0knyPMCVFmYzM1,https://t.me/joinchat/9F0knyPMCVFmYzM1,Private / Invite,
adobe crack,joinchat/9F0knyPMCVFmYzM1&amp,https://t.me/joinchat/9F0knyPMCVFmYzM1&amp,Private / Invite,
game mods,moded,https://t.me/moded,,
game mods,modedgames,https://t.me/modedgames,26 958 subscribers,
warez,camera39manager,https://t.me/camera39manager,@camera39manager,
warez,warezcloud,https://t.me/warezcloud,@warezcloud,
warez,joinchat/89mz1eX_FR5jM2Yx&amp,https://t.me/joinchat/89mz1eX_FR5jM2Yx&amp,Private / Invite,
warez,joinchat/89mz1eX_FR5jM2Yx,https://t.me/joinchat/89mz1eX_FR5jM2Yx,Private / Invite,
warez,+ZSnmQs99G8tlZGFh&amp,https://t.me/+ZSnmQs99G8tlZGFh&amp,Private / Invite,
warez,+yqfFsJPOciwyY2Vl&amp,https://t.me/+yqfFsJPOciwyY2Vl&amp,Private / Invite,
warez,+Otxtgkq3xpRmZTQ1&amp,https://t.me/+Otxtgkq3xpRmZTQ1&amp,Private / Invite,
warez,+yqfFsJPOciwyY2Vl,https://t.me/+yqfFsJPOciwyY2Vl,Private / Invite,
warez,+ZSnmQs99G8tlZGFh,https://t.me/+ZSnmQs99G8tlZGFh,Private / Invite,
warez,joinchat/uvRuxvi7TQI3MTQ1&amp,https://t.me/joinchat/uvRuxvi7TQI3MTQ1&amp,Private / Invite,
warez,joinchat/uvRuxvi7TQI3MTQ1,https://t.me/joinchat/uvRuxvi7TQI3MTQ1,Private / Invite,
warez,+Otxtgkq3xpRmZTQ1,https://t.me/+Otxtgkq3xpRmZTQ1,Private / Invite,
قنوات ألعاب,pc_game_down_support,https://t.me/pc_game_down_support,"51 862 members, 1 288 online",
قنوات ألعاب,armgddngames,https://t.me/armgddngames,"30 676 members, 892 online",
قنوات ألعاب,pc_game_down,https://t.me/pc_game_down,442 639 subscribers,
قنوات ألعاب,fifagamespc,https://t.me/fifagamespc,22 304 subscribers,
قنوات ألعاب,+BtgjBv4Df_IzNmY1&amp,https://t.me/+BtgjBv4Df_IzNmY1&amp,Private / Invite,
قنوات ألعاب,+BtgjBv4Df_IzNmY1,https://t.me/+BtgjBv4Df_IzNmY1,Private / Invite,
قنوات ألعاب,+Cy8r_DhQ9zg1MjM0,https://t.me/+Cy8r_DhQ9zg1MjM0,Private / Invite,
قنوات ألعاب,+Cy8r_DhQ9zg1MjM0&amp,https://t.me/+Cy8r_DhQ9zg1MjM0&amp,Private / Invite,
قنوات ترند تيليجرام,almohadarat,https://t.me/almohadarat,1 956 subscribers,
قنوات ترند تيليجرام,bettertrend_support,https://t.me/bettertrend_support,@bettertrend_support,
deepseek,deepseekasi,https://t.me/deepseekasi,"172 members, 13 online",
كتب جامعية,cours_economie,https://t.me/cours_economie,7 074 subscribers,
كتب جامعية,tatwer13,https://t.me/tatwer13,2 399 subscribers,
telegram hidden gems,reqhiddengem,https://t.me/reqhiddengem,56 114 subscribers,
telegram hidden gems,asatullayev_blog,https://t.me/asatullayev_blog,,
telegram hidden gems,+cQ3cy4SaR1ZhOGM9,https://t.me/+cQ3cy4SaR1ZhOGM9,Private / Invite,
telegram hidden gems,+cQ3cy4SaR1ZhOGM9&amp,https://t.me/+cQ3cy4SaR1ZhOGM9&amp,Private / Invite,
telegram collection,atlasart_,https://t.me/atlasart_,,
cheat engine,vmos_support_chat_official,https://t.me/vmos_support_chat_official,"5 154 members, 146 online",
cheat engine,ixbrowser_offical,https://t.me/ixbrowser_offical,@ixbrowser_offical,
cheat engine,cheeat,https://t.me/cheeat,,
cheat engine,busyshark,https://t.me/busyshark,173 subscribers,
cheat engine,cranchwolf,https://t.me/cranchwolf,,
spotify premium,+Z5AKZmYaIVZhNGI0&amp,https://t.me/+Z5AKZmYaIVZhNGI0&amp,Private / Invite,
spotify premium,+Z5AKZmYaIVZhNGI0,https://t.me/+Z5AKZmYaIVZhNGI0,Private / Invite,
telegram scraping,publicscraper,https://t.me/publicscraper,@publicscraper,
telegram scraping,+2S60dFyiS4VmNzc1,https://t.me/+2S60dFyiS4VmNzc1,Private / Invite,
telegram scraping,+2S60dFyiS4VmNzc1&amp,https://t.me/+2S60dFyiS4VmNzc1&amp,Private / Invite,
ielts materials,ielts_dr,https://t.me/ielts_dr,965 subscribers,
ielts materials,ieltspracticematerial,https://t.me/ieltspracticematerial,"17 800 members, 526 online",
telegram communities list,trustwallet,https://t.me/trustwallet,"19 842 members, 1 294 online",
telegram communities list,+VCJ_DFS-MIc3MTA0,https://t.me/+VCJ_DFS-MIc3MTA0,Private / Invite,
telegram archive,syriajustice,https://t.me/syriajustice,,
telegram archive,+6X_IXOEhGyllYzFh,https://t.me/+6X_IXOEhGyllYzFh,Private / Invite,
telegram archive,+6X_IXOEhGyllYzFh&amp,https://t.me/+6X_IXOEhGyllYzFh&amp,Private / Invite,
telegram archive,joinchat/hZWaZDqBCq03YWE6&amp,https://t.me/joinchat/hZWaZDqBCq03YWE6&amp,Private / Invite,
telegram archive,joinchat/hZWaZDqBCq03YWE6,https://t.me/joinchat/hZWaZDqBCq03YWE6,Private / Invite,
telegram archive,+Q0XDJcQ-MGhhZjBh,https://t.me/+Q0XDJcQ-MGhhZjBh,Private / Invite,
office activator,microsoft_windows_activation_key,https://t.me/microsoft_windows_activation_key,16 386 subscribers,
كورسات مدفوعة مجانا,gold_prices0,https://t.me/gold_prices0,,
كورسات مدفوعة مجانا,coursesfory0u,https://t.me/coursesfory0u,307 692 subscribers,
قنوات أفلام,khabertv,https://t.me/khabertv,70 632 subscribers,
قنوات أفلام,studioghiblifilmsalmo3az,https://t.me/studioghiblifilmsalmo3az,6 996 subscribers,
قنوات أفلام,conan1996conan1996,https://t.me/conan1996conan1996,123 334 subscribers,
قنوات أفلام,linkbox1telebox,https://t.me/linkbox1telebox,,
قنوات أفلام,sa4_h,https://t.me/sa4_h,,
قنوات أفلام,sa1_h,https://t.me/sa1_h,,
قنوات أفلام,joinchat/VxTsZUlqx_7ZOxcu,https://t.me/joinchat/VxTsZUlqx_7ZOxcu,Private / Invite,
قنوات أفلام,joinchat/I-xenLC0yRBhZTQ0&amp,https://t.me/joinchat/I-xenLC0yRBhZTQ0&amp,Private / Invite,
قنوات أفلام,joinchat/qF6ttdIg6WAyM2U8,https://t.me/joinchat/qF6ttdIg6WAyM2U8,Private / Invite,
قنوات أفلام,+Yd9x8-awbfY5NWI8&amp,https://t.me/+Yd9x8-awbfY5NWI8&amp,Private / Invite,
قنوات أفلام,joinchat/JgeRxtgF8AljM2Qy&amp,https://t.me/joinchat/JgeRxtgF8AljM2Qy&amp,Private / Invite,
قنوات أفلام,+x_7811NWi7o0Yjg0,https://t.me/+x_7811NWi7o0Yjg0,Private / Invite,
قنوات أفلام,+U5AHz67BhzI0Yjlk&amp,https://t.me/+U5AHz67BhzI0Yjlk&amp,Private / Invite,
قنوات أفلام,+h0zgxMijHCBlNTM0,https://t.me/+h0zgxMijHCBlNTM0,Private / Invite,
قنوات أفلام,+gIFdakhErSI5NTk0,https://t.me/+gIFdakhErSI5NTk0,Private / Invite,
قنوات أفلام,joinchat/BaW61JTE9AIzNzc5,https://t.me/joinchat/BaW61JTE9AIzNzc5,Private / Invite,
قنوات أفلام,+XIs4mdi9t-owMmU0&amp,https://t.me/+XIs4mdi9t-owMmU0&amp,Private / Invite,
قنوات أفلام,+T50SZHBJfvXDunds,https://t.me/+T50SZHBJfvXDunds,Private / Invite,
قنوات أفلام,joinchat/qF6ttdIg6WAyM2U8&amp,https://t.me/joinchat/qF6ttdIg6WAyM2U8&amp,Private / Invite,
قنوات أفلام,+Yd9x8-awbfY5NWI8,https://t.me/+Yd9x8-awbfY5NWI8,Private / Invite,
قنوات أفلام,+gIFdakhErSI5NTk0&amp,https://t.me/+gIFdakhErSI5NTk0&amp,Private / Invite,
قنوات أفلام,+AgH03o96r0hmZTA8&amp,https://t.me/+AgH03o96r0hmZTA8&amp,Private / Invite,
قنوات أفلام,+XIs4mdi9t-owMmU0,https://t.me/+XIs4mdi9t-owMmU0,Private / Invite,
قنوات أفلام,+U5AHz67BhzI0Yjlk,https://t.me/+U5AHz67BhzI0Yjlk,Private / Invite,
قنوات أفلام,joinchat/I-xenLC0yRBhZTQ0,https://t.me/joinchat/I-xenLC0yRBhZTQ0,Private / Invite,
قنوات أفلام,+AgH03o96r0hmZTA8,https://t.me/+AgH03o96r0hmZTA8,Private / Invite,
قنوات أفلام,joinchat/JgeRxtgF8AljM2Qy,https://t.me/joinchat/JgeRxtgF8AljM2Qy,Private / Invite,
قنوات أفلام,+sFkXMpKmNdhmNmE0,https://t.me/+sFkXMpKmNdhmNmE0,Private / Invite,
قنوات أفلام,joinchat/VxTsZUlqx_7ZOxcu&amp,https://t.me/joinchat/VxTsZUlqx_7ZOxcu&amp,Private / Invite,
قنوات تيليجرام,kodurat2,https://t.me/kodurat2,"24 112 members, 788 online",
telegram hub,thenoteshub_official,https://t.me/thenoteshub_official,13 534 subscribers,
telegram hub,pw_nsat,https://t.me/pw_nsat,36 022 subscribers,
telegram hub,medical_learning_,https://t.me/medical_learning_,,
claude ai,chatgpt,https://t.me/chatgpt,@chatgpt,
claude ai,pickl_,https://t.me/pickl_,,
university notes,llb3years_,https://t.me/llb3years_,,
university notes,engineering_,https://t.me/engineering_,,
university notes,llb3years_notes,https://t.me/llb3years_notes,11 419 subscribers,
university notes,engineering_notes_mu,https://t.me/engineering_notes_mu,"2 359 members, 38 online",
join telegram channel,beholdisrael,https://t.me/beholdisrael,@beholdisrael,
join telegram channel,vthetechee,https://t.me/vthetechee,,
join telegram channel,indemochat,https://t.me/indemochat,"1 170 members, 111 online",
join telegram channel,qmaths,https://t.me/qmaths,245 016 subscribers,
join telegram channel,beincryptocommunity,https://t.me/beincryptocommunity,"63 880 members, 1 426 online",
join telegram channel,acledabank,https://t.me/acledabank,@acledabank,
join telegram channel,examtalesworkshop,https://t.me/examtalesworkshop,,
جروبات تيليجرام,ptetutorials,https://t.me/ptetutorials,"14 486 members, 167 online",
جروبات تيليجرام,bybitenglish,https://t.me/bybitenglish,"250 769 members, 8 655 online",
جروبات تيليجرام,tu_taifuniversity,https://t.me/tu_taifuniversity,"48 709 members, 1 469 online",
study resources,neet_full_,https://t.me/neet_full_,,
study resources,+pAHif-8bAwgzZDM1,https://t.me/+pAHif-8bAwgzZDM1,Private / Invite,
steam free games,temporarily,https://t.me/temporarily,,
egypt telegram,investcash,https://t.me/investcash,@investcash,
windows activator,win11,https://t.me/win11,,
engineering books,sppu_te_be_comp,https://t.me/sppu_te_be_comp,14 842 subscribers,
اشتراكات مجانية,+zraIn9gO0zRlN2Jh,https://t.me/+zraIn9gO0zRlN2Jh,Private / Invite,
telegram marketing,digital_marketingca,https://t.me/digital_marketingca,6 163 subscribers,
telegram marketing,digital_,https://t.me/digital_,,
telegram marketing,abayaxionmarket,https://t.me/abayaxionmarket,7 637 subscribers,
telegram marketing,+zTSps6wkvLg3MjU9,https://t.me/+zTSps6wkvLg3MjU9,Private / Invite,
telegram communities,crdroidandroid,https://t.me/crdroidandroid,"13 712 members, 921 online",
telegram communities,cryptoranken,https://t.me/cryptoranken,"9 165 members, 502 online",
telegram communities,armdrone_discussion,https://t.me/armdrone_discussion,"159 members, 34 online",
telegram communities,iota_official_community,https://t.me/iota_official_community,"3 403 members, 295 online",
telegram communities,zcash_community,https://t.me/zcash_community,"5 751 members, 331 online",
جروبات تعليم,elkingdeblomatfania,https://t.me/elkingdeblomatfania,"45 247 members, 279 online",
telegram public channels,fossunited,https://t.me/fossunited,"6 486 members, 257 online",
telegram public channels,needsof,https://t.me/needsof,1 member,
capcut pro,+U5YougTX2wVkMjY1,https://t.me/+U5YougTX2wVkMjY1,Private / Invite,
روابط تيليجرام,ameera16_10_13,https://t.me/ameera16_10_13,46 907 subscribers,
paid courses free,blendercoursefor,https://t.me/blendercoursefor,,
paid courses free,udemy2020,https://t.me/udemy2020,66 427 subscribers,
paid courses free,kaushik_mohanty_sir_,https://t.me/kaushik_mohanty_sir_,,
paid courses free,blendercourseforfree,https://t.me/blendercourseforfree,21 114 subscribers,
paid courses free,kaushik_mohanty_sir_paid_batch2,https://t.me/kaushik_mohanty_sir_paid_batch2,6 182 subscribers,
telegram invite links,endeavouros,https://t.me/endeavouros,"3 049 members, 296 online",
telegram invite links,whatsapp_,https://t.me/whatsapp_,,
telegram invite links,+RP11KS18tMxmYzEx,https://t.me/+RP11KS18tMxmYzEx,Private / Invite,
telegram invite links,+vr2mIq-bj3NmYmU9,https://t.me/+vr2mIq-bj3NmYmU9,Private / Invite,
telegram invite links,+vICTGGR5xzs2NjRi&amp,https://t.me/+vICTGGR5xzs2NjRi&amp,Private / Invite,
telegram invite links,+vr2mIq-bj3NmYmU9&amp,https://t.me/+vr2mIq-bj3NmYmU9&amp,Private / Invite,
telegram invite links,+vICTGGR5xzs2NjRi,https://t.me/+vICTGGR5xzs2NjRi,Private / Invite,
telegram invite links,+RP11KS18tMxmYzEx&amp,https://t.me/+RP11KS18tMxmYzEx&amp,Private / Invite,
telegram invite links,+&nbsp,https://t.me/+&nbsp,Private / Invite,
premium apk,deezer_mod_,https://t.me/deezer_mod_,,
premium apk,ytmusicmod,https://t.me/ytmusicmod,,
premium apk,deezer_mod_apk,https://t.me/deezer_mod_apk,1 387 subscribers,
premium apk,ytmusicmodapk,https://t.me/ytmusicmodapk,439 subscribers,
premium apk,resso_mod_,https://t.me/resso_mod_,,
premium apk,wps_office_mod_,https://t.me/wps_office_mod_,,
pro apps,android_,https://t.me/android_,,
pro apps,sreditingzoneoffical,https://t.me/sreditingzoneoffical,360 183 subscribers,
pro apps,epicmodder,https://t.me/epicmodder,732 259 subscribers,
android mod,apps_,https://t.me/apps_,,
cracked software,macbook_,https://t.me/macbook_,,
mod apk download,ytmusic,https://t.me/ytmusic,,
تطبيقات معدلة,apkdaily,https://t.me/apkdaily,220 820 subscribers,
تطبيقات معدلة,ttt91,https://t.me/ttt91,31 912 subscribers,
تطبيقات معدلة,k_h_apk,https://t.me/k_h_apk,77 611 subscribers,
شروحات تقنية,androidnew66,https://t.me/androidnew66,253 subscribers,
suno ai,neuroklonator,https://t.me/neuroklonator,458 subscribers,
free courses,udemy_,https://t.me/udemy_,,
python coding,python,https://t.me/python,"103 597 members, 5 082 online",
excel tutorials,globalprojectcontrol,https://t.me/globalprojectcontrol,"5 439 members, 166 online",
data analysis python,sqlproject,https://t.me/sqlproject,39 259 subscribers,
automation scripts,kwalanetwork,https://t.me/kwalanetwork,"61 members, 5 online",
pdf books,marathipdfbooks,https://t.me/marathipdfbooks,35 097 subscribers,
engineering books,gate_ebooks,https://t.me/gate_ebooks,2 046 subscribers,
medical books,findmedicalbooks,https://t.me/findmedicalbooks,"10 993 members, 530 online",
medical books,bdmebook,https://t.me/bdmebook,1 091 subscribers,
medical books,medicalbook_store,https://t.me/medicalbook_store,,
medical books,themedicalbooksps,https://t.me/themedicalbooksps,"4 324 members, 44 online",
medical books,medicinecurriculum,https://t.me/medicinecurriculum,22 193 subscribers,
medical books,medical_ebook_pdfs,https://t.me/medical_ebook_pdfs,11 984 subscribers,
university notes,bcanotesmg,https://t.me/bcanotesmg,"4 376 members, 94 online",
university notes,uoc_study_meterials,https://t.me/uoc_study_meterials,805 subscribers,
university notes,annauniversity2021regulation,https://t.me/annauniversity2021regulation,"20 146 members, 144 online",
study resources,imucetbooks,https://t.me/imucetbooks,8 011 subscribers,
academic resources,gcse_igcse,https://t.me/gcse_igcse,"466 members, 5 online",
academic resources,ethioacadamic,https://t.me/ethioacadamic,2 321 subscribers,
paid courses free,tradersvideo_library,https://t.me/tradersvideo_library,40 108 subscribers,
paid courses free,yes_officer_live_paid_course,https://t.me/yes_officer_live_paid_course,2 073 subscribers,
paid courses free,yes_officer_live_,https://t.me/yes_officer_live_,,
ملفات pdf,yemenbooks,https://t.me/yemenbooks,14 349 subscribers,
ملفات pdf,office2,https://t.me/office2,,
كتب جامعية,bhoth907dhay,https://t.me/bhoth907dhay,989 subscribers,
dubai discounts,distress_,https://t.me/distress_,,
dubai discounts,dubai_hot_offers,https://t.me/dubai_hot_offers,103 subscribers,
dubai discounts,distress_dubai,https://t.me/distress_dubai,"2 720 members, 250 online",
amazon deals uae,amazonpromotiondeals,https://t.me/amazonpromotiondeals,"768 members, 17 online",
amazon deals uae,premiumloot,https://t.me/premiumloot,,
عروض الإمارات,saudiuae,https://t.me/saudiuae,816 subscribers,
iptv links,iptv_india_chat_2,https://t.me/iptv_india_chat_2,"2 051 members, 23 online",
iptv links,iptv_m3u_playlists_links_mac,https://t.me/iptv_m3u_playlists_links_mac,"2 963 members, 84 online",
iptv links,indian_iptv_list,https://t.me/indian_iptv_list,9 708 subscribers,
iptv links,indian_,https://t.me/indian_,,
iptv links,world_iptv_links,https://t.me/world_iptv_links,"274 members, 6 online",
iptv links,world_,https://t.me/world_,,
iptv links,newgma,https://t.me/newgma,,
netflix premium,netflix_premium_accountsss,https://t.me/netflix_premium_accountsss,20 subscribers,
netflix premium,netflixnepalseller,https://t.me/netflixnepalseller,94 subscribers,
series hd,houseofcards_hindi_allseason,https://t.me/houseofcards_hindi_allseason,8 778 subscribers,
series hd,peliculas_netflix_,https://t.me/peliculas_netflix_,,
series hd,school_2021_web,https://t.me/school_2021_web,,
series hd,bladdict,https://t.me/bladdict,22 545 subscribers,
series hd,friends_watch_download_,https://t.me/friends_watch_download_,,
series hd,hindi_in_wednesday_web,https://t.me/hindi_in_wednesday_web,2 074 subscribers,
series hd,sunflower_,https://t.me/sunflower_,,
arab movies,smsc_support,https://t.me/smsc_support,@smsc_support,
premium accounts,dstvpremiumaccounts,https://t.me/dstvpremiumaccounts,"485 members, 5 online",
spotify premium,spotifypremium_lt,https://t.me/spotifypremium_lt,27 members,
canva pro,share,https://t.me/share,,
youtube premium,ytpremiumat100,https://t.me/ytpremiumat100,6 subscribers,
adobe crack,illustrator_crack_free,https://t.me/illustrator_crack_free,975 subscribers,
adobe crack,illustrator_,https://t.me/illustrator_,,
serial keys,eset_aio_,https://t.me/eset_aio_,,
warez,revendatop1,https://t.me/revendatop1,33 members,
warez,canalservidorbladeuhd,https://t.me/canalservidorbladeuhd,271 subscribers,
gaming leaks,equal,https://t.me/equal,@equal,
قنوات ألعاب,m_games_psp,https://t.me/m_games_psp,21 719 subscribers,
قنوات ألعاب,ppssppchannel,https://t.me/ppssppchannel,77 562 subscribers,
قنوات ألعاب,grandtheftautogamespc,https://t.me/grandtheftautogamespc,27 366 subscribers,
قنوات ألعاب,ipafire,https://t.me/ipafire,79 073 subscribers,
telegram channels,capsbeniwalclasses,https://t.me/capsbeniwalclasses,7 403 subscribers,
telegram communities,polkadotofficial,https://t.me/polkadotofficial,"22 635 members, 636 online",
telegram communities,official_icp,https://t.me/official_icp,"8 985 members, 259 online",
telegram communities,virtualdoctors,https://t.me/virtualdoctors,150 subscribers,
telegram communities,bitgetenofficial,https://t.me/bitgetenofficial,"215 616 members, 9 248 online",
telegram communities,ucoz_community,https://t.me/ucoz_community,"2 054 members, 240 online",
telegram communities,meta_earth_community,https://t.me/meta_earth_community,"95 485 members, 660 online",
telegram communities,nstxtgcommunity,https://t.me/nstxtgcommunity,"2 465 members, 105 online",
join telegram channel,stockizenofficial,https://t.me/stockizenofficial,50 405 subscribers,
telegram invite links,datingchatworld,https://t.me/datingchatworld,,
telegram invite links,chhatrapati_sambhajinagar_dating,https://t.me/chhatrapati_sambhajinagar_dating,"352 members, 121 online",
telegram invite links,anonymousdatingworldchat,https://t.me/anonymousdatingworldchat,"2 274 members, 15 online",
telegram invite links,free_to_call_chat_ons_kolkata_me,https://t.me/free_to_call_chat_ons_kolkata_me,"448 members, 26 online",
telegram invite links,dubaihookupvip,https://t.me/dubaihookupvip,486 subscribers,
telegram invite links,singapore_xfy,https://t.me/singapore_xfy,"6 549 members, 270 online",
telegram invite links,saleem_sir_2025,https://t.me/saleem_sir_2025,1 887 subscribers,
telegram invite links,lakshya_jee_2024_saleem_sir,https://t.me/lakshya_jee_2024_saleem_sir,,
telegram public channels,boingy2,https://t.me/boingy2,"2 622 members, 101 online",
telegram public channels,isapennstate,https://t.me/isapennstate,687 subscribers,
telegram hidden gems,airdrop_,https://t.me/airdrop_,,
telegram hidden gems,kelvinvest,https://t.me/kelvinvest,"13 789 members, 1 759 online",
telegram archive,refoldarchive,https://t.me/refoldarchive,6 231 subscribers,
telegram archive,archivesforwarder,https://t.me/archivesforwarder,70 subscribers,
telegram archive,allarchives6,https://t.me/allarchives6,"3 825 members, 457 online",
telegram archive,mr_bond_music_channel,https://t.me/mr_bond_music_channel,1 583 subscribers,
telegram hub,ggdeducation,https://t.me/ggdeducation,,
telegram hub,osamasontalk,https://t.me/osamasontalk,"1 198 members, 82 online",
telegram hub,astana_,https://t.me/astana_,,
telegram hub,missioncapf,https://t.me/missioncapf,,
telegram hub,va1ncchi1ni,https://t.me/va1ncchi1ni,107 524 subscribers,
telegram hub,snowstrippershub,https://t.me/snowstrippershub,383 subscribers,
telegram hub,thehub,https://t.me/thehub,870 members,
telegram collection,englishbooks_,https://t.me/englishbooks_,,
telegram collection,acham,https://t.me/acham,,
telegram collection,comp_group,https://t.me/comp_group,"5 220 members, 294 online",
telegram directory,westmichiganfreedomnetwork,https://t.me/westmichiganfreedomnetwork,,
telegram channels list,notoscam,https://t.me/notoscam,@notoscam,
telegram catalog,verticocatalog,https://t.me/verticocatalog,2 929 subscribers,
telegram catalog,vertico,https://t.me/vertico,@vertico,
telegram catalog,avon_brochure_south_africa,https://t.me/avon_brochure_south_africa,1 498 subscribers,
telegram index,speedy,https://t.me/speedy,,
telegram crawler,night,https://t.me/night,@night,
telegram crawler,nightcrawlerr,https://t.me/nightcrawlerr,62 subscribers,
telegram crawler,outmineofficial,https://t.me/outmineofficial,"3 000 members, 180 online",
telegram trending channels,sikulutv,https://t.me/sikulutv,33 772 subscribers,
telegram viral channels,viralmathsnavneetsir,https://t.me/viralmathsnavneetsir,"28 367 members, 509 online",
telegram viral channels,gossipboyz11,https://t.me/gossipboyz11,17 536 subscribers,
telegram marketing,irenekreations,https://t.me/irenekreations,"411 members, 71 online",
telegram seo,holistic,https://t.me/holistic,,
telegram seo,collaborator_conf,https://t.me/collaborator_conf,"5 593 members, 2 189 online",
telegram seo,holisticseo,https://t.me/holisticseo,"1 175 members, 102 online",
telegram seo,seonazimuddin,https://t.me/seonazimuddin,8 390 subscribers,
telegram api,stickers,https://t.me/stickers,@stickers,
telegram scraping,web_scraper_bulk_data,https://t.me/web_scraper_bulk_data,590 subscribers,
telegram scraping,ipcooksupport,https://t.me/ipcooksupport,@ipcooksupport,
telegram scraping,sentinelextension,https://t.me/sentinelextension,"86 members, 16 online",
telegram scraping,membersscrape,https://t.me/membersscrape,220 subscribers,
telegram data,dsns_,https://t.me/dsns_,,
india telegram channels,connect_upsc,https://t.me/connect_upsc,,
india telegram channels,boomingbulls,https://t.me/boomingbulls,,
uae telegram,teacherjobs,https://t.me/teacherjobs,,
uae telegram,enuaechat,https://t.me/enuaechat,"2 148 members, 17 online",
egypt telegram,fbgprincess1,https://t.me/fbgprincess1,@fbgprincess1,
dubai community,dubaicrypto_tg,https://t.me/dubaicrypto_tg,"1 100 members, 89 online",
saudi telegram,studygrouprometricsdle,https://t.me/studygrouprometricsdle,"1 671 members, 42 online",
دليل قنوات تيليجرام,abdullahalshmmiry,https://t.me/abdullahalshmmiry,,
دليل قنوات تيليجرام,af499,https://t.me/af499,@af499,
دليل قنوات تيليجرام,deell127,https://t.me/deell127,,
دليل قنوات تيليجرام,audiobooking1,https://t.me/audiobooking1,290 817 subscribers,
أقوى قنوات تيليجرام,ekht56,https://t.me/ekht56,2 264 subscribers,
قنوات ترند تيليجرام,alssaddah,https://t.me/alssaddah,1 215 subscribers,
جروبات تيليجرام,qadrat_a2,https://t.me/qadrat_a2,"28 034 members, 1 021 online",
جروبات تيليجرام,qadrat_a3,https://t.me/qadrat_a3,"21 890 members, 808 online",
جروبات تيليجرام,qadrat_a1,https://t.me/qadrat_a1,"82 078 members, 3 218 online",
جروبات تيليجرام,mrhandsa,https://t.me/mrhandsa,"29 110 members, 313 online",
قنوات أفلام,sugarx_live,https://t.me/sugarx_live,,
قنوات أفلام,sugarx_adel,https://t.me/sugarx_adel,19 491 subscribers,
قنوات أفلام,nollywood_nigerian_movies,https://t.me/nollywood_nigerian_movies,10 601 subscribers,
ethical hacking,voiceofteluguethicalhacking,https://t.me/voiceofteluguethicalhacking,7 836 subscribers,
ethical hacking,cybermindspace,https://t.me/cybermindspace,25 586 subscribers,
osint tools,osintltd,https://t.me/osintltd,@osintltd,
cyber security,cybersecurityexperts,https://t.me/cybersecurityexperts,"50 789 members, 1 009 online",
network security,cyber,https://t.me/cyber,,
kali linux,kaliarabi,https://t.me/kaliarabi,"5 197 members, 135 online",
هكر أخلاقي,abu_islam_sh,https://t.me/abu_islam_sh,@abu_islam_sh,
أمن سيبراني,cysthebatch3,https://t.me/cysthebatch3,"842 members, 30 online",
iptv links,iptvm3uplay,https://t.me/iptvm3uplay,,
اختبار اختراق,MuhammadAlush0997,https://t.me/MuhammadAlush0997,N/A,
اختبار اختراق,CoursesforY0u,https://t.me/CoursesforY0u,N/A,
notion templates,notionzen,https://t.me/notionzen,N/A,
notion templates,notionmuslims,https://t.me/notionmuslims,N/A,
notion templates,notion_templates,https://t.me/notion_templates,N/A,
notion templates,tapswap_mirror_bot,https://t.me/tapswap_mirror_bot,N/A,
second brain,second_brain_ru,https://t.me/second_brain_ru,N/A,
freelance tools,everthingremotejobs,https://t.me/everthingremotejobs,N/A,
startup tools,startuptools_chat,https://t.me/startuptools_chat,N/A,
startup tools,innmind,https://t.me/innmind,N/A,
العمل الحر,KafiilDotCom,https://t.me/KafiilDotCom,N/A,
video editing,RafayatRakibVideoEditingCourses,https://t.me/RafayatRakibVideoEditingCourses,N/A,
video editing,RafayatRakib,https://t.me/RafayatRakib,N/A,
video editing,rafayat_rakib_Course,https://t.me/rafayat_rakib_Course,N/A,
photoshop resources,tala_photoshop_brushes,https://t.me/tala_photoshop_brushes,N/A,
photoshop resources,tala_,https://t.me/tala_,N/A,
photoshop resources,procreatezip,https://t.me/procreatezip,N/A,
